City Name,Lat,Lng,Max Temp,Humidity,Cloudiness,Wind Speed,Country,Date
san luis,-33.3,-66.34,63.48,56.0,56.0,22.21,AR,1603236412.0
parthenay,46.67,-0.42,63.0,71.0,100.0,11.99,FR,1603236580.0
raudeberg,61.99,5.14,44.01,94.0,100.0,10.74,NO,1603236444.0
dauriya,49.93,116.87,26.37,86.0,100.0,22.44,RU,1603236580.0
qujing,25.48,103.78,45.66,88.0,100.0,8.86,CN,1603236580.0
yaan,7.38,8.57,75.58,91.0,88.0,6.51,NG,1603236580.0
tadine,-21.55,167.88,76.8,74.0,0.0,11.01,NC,1603236581.0
kidero,42.19,45.96,39.06,87.0,100.0,3.15,RU,1603236581.0
bubaque,11.28,-15.83,82.2,81.0,3.0,12.44,GW,1603235887.0
cap malheureux,-19.98,57.61,73.99,73.0,1.0,5.99,MU,1603236581.0
calvinia,-31.47,19.78,55.22,36.0,0.0,4.88,ZA,1603236447.0
bissau,11.86,-15.6,80.56,86.0,33.0,9.1,GW,1603236581.0
kanigoro,-8.13,112.22,76.59,84.0,69.0,3.09,ID,1603236582.0
marolambo,-20.05,48.12,65.68,91.0,81.0,0.63,MG,1603236582.0
nhamunda,-2.19,-56.71,86.86,43.0,64.0,3.42,BR,1603236582.0
wasilla,61.58,-149.44,37.0,74.0,1.0,2.82,US,1603236330.0
zlobin,45.29,14.65,55.0,87.0,20.0,4.7,HR,1603236582.0
porto san giorgio,43.18,13.79,57.0,74.0,15.0,7.72,IT,1603236582.0
burgeo,47.62,-57.62,54.36,92.0,97.0,14.23,CA,1603236583.0
vrangel,42.73,133.08,55.67,84.0,100.0,7.9,RU,1603236314.0
izumo,35.37,132.77,53.6,87.0,75.0,10.29,JP,1603236583.0
cobija,-11.03,-68.77,77.0,94.0,75.0,1.23,BO,1603236583.0
mantua,45.17,10.78,54.0,91.0,90.0,1.05,IT,1603236584.0
ambilobe,-13.2,49.05,73.24,77.0,14.0,3.49,MG,1603236423.0
nacala,-14.54,40.67,73.44,88.0,0.0,2.93,MZ,1603236584.0
poltava,49.59,34.54,39.42,81.0,22.0,4.29,UA,1603236584.0
coxim,-18.51,-54.76,77.63,78.0,90.0,5.19,BR,1603236584.0
mahibadhoo,3.78,72.97,82.08,80.0,91.0,12.86,MV,1603236585.0
taraz,42.9,71.37,57.2,30.0,0.0,6.71,KZ,1603236585.0
de-kastri,51.47,140.78,39.9,69.0,40.0,6.53,RU,1603236585.0
carinhanha,-14.3,-43.77,83.14,48.0,46.0,6.85,BR,1603236585.0
ballina,-28.87,153.57,75.0,53.0,4.0,5.82,AU,1603236396.0
yerbogachen,61.28,108.01,20.79,96.0,99.0,7.47,RU,1603236585.0
araouane,18.9,-3.53,87.13,15.0,0.0,7.63,ML,1603236586.0
kysyl-syr,63.9,122.76,20.44,98.0,100.0,2.95,RU,1603236586.0
key west,24.56,-81.78,80.6,88.0,20.0,6.93,US,1603236575.0
vieux fort,13.72,-60.95,84.2,74.0,40.0,8.05,LC,1603236586.0
unity,52.45,-109.17,28.22,87.0,97.0,5.53,CA,1603236586.0
graaff-reinet,-32.25,24.53,48.99,63.0,0.0,2.59,ZA,1603236586.0
empalme,27.97,-110.82,93.0,43.0,0.0,8.99,MX,1603236587.0
pasighat,28.07,95.33,69.78,85.0,44.0,3.09,IN,1603236587.0
pochutla,15.74,-96.47,80.6,78.0,90.0,11.41,MX,1603236019.0
porto novo,6.5,2.6,80.6,88.0,40.0,10.29,BJ,1603236473.0
yashan,22.2,109.94,60.12,82.0,42.0,6.71,CN,1603236587.0
djambala,-2.54,14.75,63.57,100.0,100.0,2.46,CG,1603236588.0
lidkoping,58.51,13.16,46.4,100.0,100.0,9.17,SE,1603236588.0
la sarre,48.8,-79.2,29.8,95.0,73.0,1.05,CA,1603236588.0
lingao,19.91,109.69,71.15,81.0,79.0,16.08,CN,1603236588.0
bayan,46.08,127.4,57.0,50.0,100.0,17.11,CN,1603236588.0
salinopolis,-0.61,-47.36,81.36,77.0,13.0,14.36,BR,1603236146.0
esfarayen,37.08,57.51,46.4,49.0,0.0,2.24,IR,1603236589.0
dhidhdhoo,6.88,73.1,81.46,80.0,46.0,11.97,MV,1603236435.0
moba,33.23,105.02,38.16,75.0,87.0,2.73,CN,1603236589.0
patitirion,39.15,23.87,65.73,72.0,55.0,29.77,GR,1603236589.0
lopsmarka,67.31,14.45,35.6,55.0,97.0,19.46,NO,1603236324.0
kuching,1.55,110.33,77.0,94.0,20.0,2.95,MY,1603236590.0
ayan,56.45,138.17,34.88,77.0,100.0,5.79,RU,1603236590.0
auki,-8.77,160.7,82.98,76.0,100.0,3.83,SB,1603236044.0
berezovyy,51.67,135.7,37.45,76.0,100.0,3.67,RU,1603236590.0
okulovka,58.4,33.29,29.82,97.0,36.0,4.88,RU,1603236590.0
ulladulla,-35.35,150.47,69.01,59.0,34.0,6.93,AU,1603236009.0
tuy hoa,13.08,109.3,77.63,89.0,100.0,11.16,VN,1603236385.0
alihe,50.57,123.72,36.14,83.0,100.0,2.55,CN,1603236591.0
plunge,55.91,21.84,46.4,81.0,100.0,12.75,LT,1603236591.0
deep river,46.1,-77.5,44.6,81.0,90.0,6.93,CA,1603236458.0
west wendover,40.74,-114.07,69.8,21.0,1.0,5.82,US,1603236428.0
dzaoudzi,-12.79,45.27,75.2,83.0,0.0,2.24,YT,1603236592.0
harnai,30.1,67.94,60.48,22.0,0.0,3.83,PK,1603236592.0
conceicao das alagoas,-19.91,-48.39,72.52,83.0,87.0,7.61,BR,1603236422.0
nampula,-15.12,39.27,71.6,78.0,0.0,6.93,MZ,1603236426.0
lamar,33.67,-95.58,82.4,54.0,1.0,11.41,US,1603236302.0
lanigan,51.85,-105.03,26.53,89.0,100.0,5.66,CA,1603236401.0
paracale,14.28,122.79,80.92,79.0,100.0,14.99,PH,1603236593.0
calabozo,8.92,-67.43,77.77,92.0,100.0,3.94,VE,1603236593.0
bikaner,28.02,73.3,81.09,33.0,0.0,7.61,IN,1603236593.0
swellendam,-34.02,20.44,42.8,87.0,31.0,4.7,ZA,1603236593.0
tula,54.2,37.61,32.79,94.0,1.0,10.13,RU,1603236593.0
luwingu,-10.26,29.93,74.53,41.0,88.0,3.44,ZM,1603236594.0
quartz hill,34.65,-118.22,90.0,10.0,1.0,3.36,US,1603236594.0
kidal,18.44,1.41,85.37,15.0,1.0,2.35,ML,1603236594.0
springbok,-29.66,17.89,53.4,43.0,0.0,9.4,ZA,1603236594.0
chadiza,-14.07,32.44,71.78,43.0,0.0,6.2,ZM,1603236594.0
san fernando,15.03,120.69,77.0,94.0,90.0,16.11,PH,1603236595.0
payo,-3.75,103.64,72.75,93.0,87.0,1.23,ID,1603236390.0
mazamari,-11.33,-74.53,72.91,79.0,79.0,0.54,PE,1603236595.0
puerto del rosario,28.5,-13.86,75.2,78.0,40.0,2.24,ES,1603236485.0
apatou,5.16,-54.35,80.53,67.0,99.0,5.82,GF,1603236595.0
mana,5.66,-53.78,81.43,74.0,97.0,13.31,GF,1603236596.0
kashi,39.45,75.98,50.0,25.0,0.0,11.18,CN,1603236193.0
saravan,39.72,45.65,53.6,62.0,20.0,6.93,AM,1603236596.0
skibbereen,51.55,-9.27,46.4,100.0,20.0,5.82,IE,1603236497.0
bokovskaya,49.23,41.83,38.03,77.0,32.0,9.13,RU,1603236596.0
kalakamati,-20.59,27.31,75.6,18.0,0.0,8.39,BW,1603236597.0
maridi,4.92,29.47,66.33,95.0,97.0,3.69,SS,1603236597.0
ginir,7.13,40.7,56.66,69.0,1.0,4.99,ET,1603236597.0
mnogovershinnyy,53.94,139.92,31.32,86.0,89.0,7.7,RU,1603236597.0
texarkana,33.43,-94.05,79.0,61.0,1.0,10.29,US,1603236597.0
puerto penasco,31.32,-113.53,96.8,22.0,5.0,10.29,MX,1603236193.0
nyaunglebin,17.95,96.73,73.11,92.0,93.0,0.65,MM,1603236598.0
lianzhou,24.78,112.38,59.56,81.0,50.0,4.59,CN,1603236598.0
guozhen,34.37,107.36,54.23,39.0,90.0,2.62,CN,1603236465.0
road town,18.42,-64.62,82.99,83.0,40.0,2.24,VG,1603236453.0
methven,-43.63,171.65,59.0,62.0,37.0,1.01,NZ,1603236598.0
evensk,61.95,159.23,34.05,88.0,89.0,6.2,RU,1603236581.0
morant bay,17.88,-76.41,78.01,94.0,75.0,10.29,JM,1603236599.0
cardston,49.2,-113.3,41.0,94.0,20.0,5.82,CA,1603236599.0
yamada,39.47,141.95,57.87,61.0,0.0,2.15,JP,1603236599.0
inhambane,-23.86,35.38,72.23,89.0,6.0,9.01,MZ,1603236064.0
awbari,26.59,12.78,70.36,48.0,58.0,9.46,LY,1603236399.0
shakawe,-18.37,21.85,72.23,20.0,0.0,4.41,BW,1603236599.0
atzitzintla,18.9,-97.32,56.01,84.0,63.0,6.31,MX,1603236600.0
novyy urengoy,66.08,76.63,26.29,98.0,100.0,7.54,RU,1603236600.0
goianesia,-15.32,-49.12,70.61,86.0,81.0,6.15,BR,1603236346.0
port moresby,-9.44,147.18,84.2,74.0,40.0,5.82,PG,1603236600.0
achit,56.8,57.9,32.74,95.0,49.0,7.34,RU,1603236601.0
paraguacu,-21.55,-45.74,63.82,94.0,88.0,3.04,BR,1603236601.0
zeya,53.75,127.27,36.46,91.0,100.0,6.13,RU,1603236457.0
broome,42.25,-75.83,51.01,100.0,90.0,8.05,US,1603236418.0
okha,53.57,142.95,36.37,78.0,47.0,12.77,RU,1603236501.0
zhanakorgan,43.91,67.25,46.2,53.0,0.0,4.88,KZ,1603236602.0
damietta,31.42,31.81,78.8,78.0,20.0,17.22,EG,1603236603.0
mwinilunga,-11.74,24.43,65.48,41.0,0.0,4.18,ZM,1603236604.0
pietermaritzburg,-29.62,30.39,66.99,90.0,96.0,1.16,ZA,1603236605.0
chilca,-12.52,-76.74,64.4,77.0,20.0,10.29,PE,1603236605.0
itatiaia,-22.5,-44.56,68.81,83.0,68.0,0.69,BR,1603236606.0
concordia,-31.39,-58.02,66.2,68.0,75.0,13.87,AR,1603236606.0
shibetsu,43.66,145.13,51.19,63.0,1.0,1.34,JP,1603236606.0
catuday,16.29,119.81,78.67,89.0,100.0,32.7,PH,1603236607.0
chippewa falls,44.94,-91.39,32.0,98.0,90.0,6.93,US,1603236607.0
seoul,37.57,126.98,57.2,67.0,90.0,3.18,KR,1603236334.0
evanston,42.04,-87.69,54.0,62.0,90.0,6.93,US,1603236571.0
kyra,49.58,111.98,21.67,82.0,0.0,5.7,RU,1603236607.0
miraflores,19.22,-98.81,75.2,29.0,75.0,8.05,MX,1603236608.0
ferkessedougou,9.6,-5.2,74.17,81.0,85.0,2.44,CI,1603236608.0
sao sebastiao,-23.76,-45.41,71.19,87.0,19.0,3.31,BR,1603236608.0
garango,11.8,-0.55,84.6,41.0,71.0,7.56,BF,1603236609.0
snasa,64.25,12.38,32.47,92.0,100.0,8.81,NO,1603236609.0
jakar,27.55,90.75,42.76,67.0,5.0,4.41,BT,1603236609.0
marataizes,-21.04,-40.82,73.04,85.0,100.0,11.39,BR,1603236610.0
valparaiso,-33.04,-71.63,66.2,42.0,0.0,9.17,CL,1603236116.0
jacareacanga,-6.22,-57.75,83.17,56.0,66.0,0.87,BR,1603236481.0
loreto,22.27,-101.97,71.83,30.0,23.0,10.51,MX,1603236610.0
taicheng,38.73,113.23,35.89,66.0,0.0,8.23,CN,1603236611.0
illapel,-31.63,-71.17,59.77,59.0,0.0,4.21,CL,1603236404.0
murgab,37.5,61.97,51.8,43.0,0.0,4.7,TM,1603236387.0
bacolod,10.67,122.95,81.75,82.0,89.0,13.42,PH,1603236611.0
rudnogorsk,57.26,103.75,23.99,99.0,86.0,3.89,RU,1603236400.0
bhinmal,25.0,72.25,81.61,68.0,0.0,4.59,IN,1603236612.0
stornoway,58.21,-6.39,50.0,93.0,99.0,26.4,GB,1603236612.0
umm lajj,25.02,37.27,85.08,31.0,0.0,7.0,SA,1603236489.0
datagon,9.45,123.09,81.37,79.0,94.0,7.14,PH,1603236613.0
twin falls,42.35,-114.64,60.8,41.0,1.0,14.99,US,1603236613.0
kathu,7.92,98.33,82.99,100.0,40.0,4.7,TH,1603236430.0
maceio,-9.67,-35.74,73.4,83.0,8.0,4.7,BR,1603236216.0
sao jose da coroa grande,-8.9,-35.15,75.7,81.0,41.0,7.94,BR,1603236614.0
pangkalanbuun,-2.68,111.62,79.63,89.0,81.0,0.4,ID,1603236614.0
chipiona,36.74,-6.44,66.2,93.0,40.0,10.29,ES,1603236615.0
esil,51.96,66.4,49.21,49.0,99.0,8.55,KZ,1603236615.0
luxeuil-les-bains,47.82,6.37,50.0,93.0,100.0,2.24,FR,1603236615.0
nelson bay,-32.72,152.15,73.99,60.0,40.0,12.75,AU,1603236615.0
lawton,34.61,-98.39,84.2,51.0,20.0,10.29,US,1603236616.0
tamandare,-8.76,-35.1,75.74,81.0,48.0,7.74,BR,1603236616.0
cherdyn,60.4,56.48,31.69,97.0,91.0,4.97,RU,1603236616.0
pouembout,-21.13,164.9,82.63,48.0,29.0,0.78,NC,1603236617.0
khandyga,62.67,135.6,15.84,90.0,97.0,4.7,RU,1603236617.0
dakar,14.69,-17.44,84.2,79.0,98.0,10.22,SN,1603236617.0
waipawa,-41.41,175.52,62.01,77.0,94.0,19.46,NZ,1603236469.0
tazovskiy,67.47,78.7,20.44,98.0,100.0,15.32,RU,1603236379.0
coron,12.0,120.2,79.92,86.0,100.0,14.5,PH,1603236618.0
hervey bay,-25.3,152.85,77.0,60.0,75.0,11.41,AU,1603236350.0
zhezkazgan,47.8,67.71,44.26,46.0,0.0,6.76,KZ,1603236618.0
sikonge,-5.63,32.77,69.01,78.0,89.0,2.19,TZ,1603236619.0
konza,-1.74,37.13,62.6,93.0,75.0,6.93,KE,1603236619.0
bijie,27.31,105.29,46.56,85.0,93.0,5.91,CN,1603236619.0
conceicao do araguaia,-8.26,-49.26,84.56,46.0,66.0,2.44,BR,1603236619.0
wonthaggi,-38.6,145.59,61.0,82.0,99.0,5.01,AU,1603236620.0
sioux lookout,50.1,-91.92,32.0,84.0,75.0,10.29,CA,1603235914.0
honiara,-9.43,159.95,86.0,70.0,20.0,9.17,SB,1603236620.0
mujiayingzi,42.12,118.78,39.45,64.0,0.0,10.51,CN,1603236620.0
desaguadero,-16.57,-69.04,50.47,62.0,14.0,11.9,PE,1603236621.0
jiangyou,31.77,104.72,58.71,68.0,96.0,2.33,CN,1603236621.0
yangjiang,21.85,111.97,66.09,83.0,20.0,8.25,CN,1603236370.0
bloomfield,40.81,-74.19,66.2,77.0,1.0,4.32,US,1603236621.0
zhanaozen,43.3,52.8,46.15,69.0,89.0,7.85,KZ,1603236622.0
gimli,50.63,-96.99,30.99,98.0,98.0,8.01,CA,1603236404.0
ratchaburi,13.58,99.53,72.88,88.0,100.0,2.42,TH,1603236623.0
port hardy,50.7,-127.42,53.6,62.0,40.0,6.93,CA,1603236602.0
mossendjo,-2.95,12.73,69.94,99.0,100.0,3.33,CG,1603236623.0
mitu,1.2,-70.17,75.97,92.0,100.0,1.23,CO,1603236474.0
heinola,61.21,26.04,28.4,92.0,100.0,2.24,FI,1603236623.0
pedra branca,-5.45,-39.72,74.77,66.0,19.0,8.68,BR,1603236624.0
sao gabriel da cachoeira,-0.13,-67.09,81.59,72.0,83.0,1.39,BR,1603236624.0
bloemhof,-27.65,25.61,59.63,34.0,0.0,8.28,ZA,1603236419.0
armacao de pera,37.1,-8.36,66.2,82.0,40.0,13.87,PT,1603236624.0
tjome,59.11,10.39,44.6,100.0,99.0,5.82,NO,1603236625.0
hays,30.05,-98.03,86.0,53.0,98.0,10.04,US,1603236445.0
kamsack,51.57,-101.9,28.4,92.0,90.0,3.36,CA,1603236625.0
asyut,27.18,31.18,75.2,50.0,0.0,4.7,EG,1603236625.0
kiruna,67.86,20.23,23.0,92.0,43.0,0.54,SE,1603236393.0
bitam,2.08,11.5,68.94,98.0,100.0,3.53,GA,1603236626.0
bose,45.46,8.01,53.01,93.0,100.0,1.39,IT,1603236626.0
nampa,43.54,-116.56,62.01,44.0,90.0,6.93,US,1603236627.0
palauig,15.44,119.9,79.57,89.0,100.0,15.39,PH,1603236627.0
kieta,-6.22,155.63,85.46,63.0,61.0,3.22,PG,1603236016.0
eureka,40.8,-124.16,75.0,46.0,1.0,16.11,US,1603236416.0
winfield,37.24,-97.0,51.8,93.0,90.0,4.7,US,1603236627.0
borovichi,58.39,33.92,30.16,97.0,18.0,5.12,RU,1603236628.0
itaituba,-4.28,-55.98,82.71,56.0,97.0,0.58,BR,1603236628.0
sawakin,19.11,37.33,79.63,52.0,0.0,7.52,SD,1603236628.0
andijon,40.78,72.34,62.01,99.0,0.0,5.73,UZ,1603236628.0
bama,11.52,13.69,78.73,28.0,8.0,2.64,NG,1603236629.0
ploemeur,47.73,-3.43,61.0,93.0,90.0,13.87,FR,1603236385.0
rancho palos verdes,33.74,-118.39,72.0,73.0,20.0,13.87,US,1603236375.0
sulechow,52.08,15.63,52.0,40.0,100.0,10.87,PL,1603236630.0
rio grande,-32.03,-52.1,64.0,86.0,100.0,5.01,BR,1603236484.0
navan,53.65,-6.68,55.0,76.0,40.0,12.75,IE,1603236630.0
silver city,32.77,-108.28,82.4,6.0,75.0,12.75,US,1603236630.0
liverpool,53.41,-2.98,57.2,87.0,40.0,9.17,GB,1603236542.0
tenkodogo,11.78,-0.37,84.42,40.0,64.0,8.05,BF,1603236631.0
dharmanagar,24.37,92.17,72.68,97.0,29.0,2.13,IN,1603236631.0
palana,59.12,159.97,33.82,94.0,99.0,5.03,RU,1603236631.0
hirado,33.36,129.55,64.99,67.0,79.0,3.36,JP,1603236454.0
kathmandu,27.72,85.32,62.6,93.0,20.0,2.24,NP,1603236375.0
zurrieq,35.83,14.47,64.0,87.0,35.0,2.24,MT,1603236590.0
kharp,66.8,65.81,20.79,96.0,100.0,3.78,RU,1603236632.0
sorong,-0.88,131.25,80.6,78.0,54.0,5.64,ID,1603236632.0
zhuanghe,39.7,122.99,64.99,70.0,100.0,1.01,CN,1603236633.0
sibu,2.3,111.82,75.2,94.0,40.0,3.36,MY,1603236633.0
esso,55.93,158.7,28.78,92.0,63.0,9.86,RU,1603236633.0
miri,4.41,114.01,75.2,94.0,20.0,4.7,MY,1603236417.0
isla mujeres,21.23,-86.73,84.2,74.0,75.0,8.05,MX,1603236374.0
carbonia,39.17,8.52,64.4,77.0,2.0,14.99,IT,1603236634.0
orange,33.7,-117.77,77.0,60.0,1.0,9.17,US,1603236464.0
oriximina,-1.77,-55.87,85.08,55.0,21.0,0.69,BR,1603236381.0
ambon,-3.7,128.18,75.2,94.0,20.0,4.7,ID,1603236446.0
hartford,41.77,-72.77,64.99,88.0,1.0,3.36,US,1603236526.0
diego de almagro,-26.37,-70.05,58.1,52.0,0.0,1.99,CL,1603236635.0
garmsar,35.22,52.34,60.15,31.0,0.0,6.55,IR,1603236459.0
mayo,38.89,-76.51,66.0,100.0,1.0,6.93,US,1603236467.0
makakilo city,21.35,-158.09,84.2,70.0,90.0,9.17,US,1603236635.0
whitianga,-36.83,175.7,65.35,64.0,100.0,9.6,NZ,1603236636.0
apache junction,33.42,-111.55,95.0,10.0,5.0,3.36,US,1603236636.0
makinsk,52.63,70.42,43.57,58.0,73.0,8.57,KZ,1603236636.0
ijuin,31.62,130.4,68.0,64.0,40.0,11.41,JP,1603236636.0
ostersund,63.18,14.64,32.0,98.0,100.0,9.17,SE,1603236636.0
hangal,14.77,75.13,69.31,98.0,97.0,3.33,IN,1603236637.0
carutapera,-1.2,-46.02,78.51,80.0,24.0,7.29,BR,1603236419.0
rawson,-43.3,-65.1,51.44,61.0,69.0,19.71,AR,1603236041.0
kuytun,54.34,101.5,30.11,96.0,100.0,8.86,RU,1603236637.0
buta,2.79,24.73,70.32,98.0,95.0,1.5,CD,1603236637.0
prado,-17.34,-39.22,73.47,91.0,86.0,3.13,BR,1603236462.0
butte,39.65,-121.57,89.6,19.0,1.0,3.36,US,1603236638.0
bambanglipuro,-7.95,110.28,80.2,78.0,95.0,2.37,ID,1603236638.0
klyuchi,52.27,79.17,40.71,61.0,30.0,9.31,RU,1603236638.0
sarkand,45.41,79.92,54.37,29.0,0.0,4.0,KZ,1603236639.0
ust-tsilma,65.44,52.15,25.2,97.0,100.0,2.68,RU,1603236639.0
aripuana,-9.17,-60.63,82.47,60.0,67.0,2.19,BR,1603236521.0
svetlogorsk,52.63,29.73,39.07,89.0,99.0,5.37,BY,1603236429.0
muravlenko,63.79,74.52,26.82,99.0,100.0,8.88,RU,1603236639.0
kasongo-lunda,-6.47,16.82,71.4,93.0,100.0,2.1,CD,1603236640.0
kaduna,10.52,7.44,72.36,54.0,2.0,2.91,NG,1603236640.0
yelan,50.95,43.74,35.76,84.0,10.0,10.36,RU,1603236640.0
marienburg,54.04,19.03,48.99,100.0,100.0,11.5,PL,1603236640.0
kanniyakumari,8.08,77.57,78.71,79.0,1.0,15.64,IN,1603236641.0
qaqortoq,60.72,-46.03,32.0,96.0,100.0,3.36,GL,1603236641.0
vryburg,-26.96,24.73,58.66,34.0,0.0,10.22,ZA,1603236642.0
matara,5.95,80.54,77.74,88.0,14.0,10.18,LK,1603235976.0
wagar,16.15,36.2,77.79,51.0,0.0,8.59,SD,1603236642.0
sarahan,31.52,77.8,46.63,51.0,0.0,4.36,IN,1603236642.0
ravar,31.27,56.81,47.68,50.0,0.0,2.8,IR,1603236643.0
miguel auza,24.29,-103.45,70.77,33.0,0.0,6.44,MX,1603236643.0
grants pass,42.44,-123.33,75.99,38.0,1.0,4.7,US,1603236643.0
presidente olegario,-18.42,-46.42,64.99,100.0,100.0,3.38,BR,1603236644.0
non sung,15.18,102.26,71.11,92.0,87.0,6.55,TH,1603236644.0
fare,-16.7,-151.02,79.12,79.0,59.0,14.81,PF,1603236412.0
onguday,50.75,86.15,32.76,85.0,78.0,3.27,RU,1603236644.0
kinsale,51.71,-8.53,48.99,100.0,20.0,5.82,IE,1603236644.0
cachoeira,-12.62,-38.96,71.47,87.0,71.0,5.37,BR,1603236645.0
strezhevoy,60.73,77.59,35.6,93.0,90.0,2.24,RU,1603236645.0
coruripe,-10.13,-36.18,74.88,79.0,1.0,9.86,BR,1603236646.0
wajir,1.75,40.06,78.53,68.0,75.0,16.37,KE,1603236481.0
swift current,50.28,-107.8,24.8,79.0,90.0,13.87,CA,1603236602.0
gashua,12.87,11.05,85.89,14.0,38.0,8.37,NG,1603236646.0
ust-kut,56.79,105.77,26.1,96.0,94.0,3.85,RU,1603236646.0
khandbari,27.37,87.2,64.22,60.0,2.0,3.31,NP,1603236380.0
abadiania,-16.2,-48.71,65.19,95.0,99.0,4.7,BR,1603236647.0
gazli,40.13,63.45,48.9,42.0,0.0,4.61,UZ,1603236647.0
bonito,-21.12,-56.48,74.26,79.0,74.0,0.85,BR,1603236648.0
barh,25.48,85.72,75.2,88.0,0.0,3.38,IN,1603236648.0
ormara,25.21,64.64,79.63,26.0,4.0,11.07,PK,1603236376.0
el reno,35.53,-97.95,73.4,69.0,1.0,8.99,US,1603236648.0
turbat,26.0,63.04,68.27,19.0,0.0,7.14,PK,1603236649.0
half moon bay,37.46,-122.43,82.99,77.0,1.0,3.36,US,1603236507.0
enterprise,36.03,-115.24,89.6,8.0,20.0,3.36,US,1603236649.0
quatre cocos,-20.21,57.76,75.2,73.0,20.0,9.17,MU,1603236650.0
moose factory,51.26,-80.61,30.2,74.0,1.0,2.08,CA,1603236428.0
kerman,30.28,57.08,35.6,17.0,0.0,6.93,IR,1603236650.0
cassilandia,-19.11,-51.73,73.27,81.0,100.0,3.02,BR,1603236651.0
romny,50.75,33.47,37.62,89.0,46.0,3.58,UA,1603236651.0
jiwani,25.05,61.74,78.04,35.0,0.0,4.97,PK,1603236651.0
gasa,31.5,34.47,73.99,100.0,0.0,7.45,PS,1603236652.0
bilibino,68.05,166.44,20.19,94.0,81.0,2.04,RU,1603236127.0
torbat-e jam,35.24,60.62,53.06,33.0,0.0,10.04,IR,1603236652.0
jining,35.41,116.58,54.21,72.0,59.0,5.26,CN,1603236500.0
diffa,13.32,12.61,84.61,15.0,12.0,9.73,NE,1603236653.0
sabzevar,36.21,57.68,51.01,36.0,0.0,6.02,IR,1603236653.0
wuxue,29.85,115.55,56.97,88.0,100.0,3.27,CN,1603236653.0
natal,-5.79,-35.21,77.0,83.0,20.0,3.36,BR,1603236323.0
berdigestyakh,62.1,126.7,22.66,97.0,100.0,1.81,RU,1603236653.0
balkhash,46.84,74.98,46.76,47.0,0.0,9.57,KZ,1603236654.0
jizan,17.33,42.67,80.6,74.0,0.0,4.7,SA,1603236446.0
bongaree,-27.08,153.16,75.99,55.0,54.0,5.01,AU,1603236654.0
dwarka,22.24,68.97,83.44,79.0,0.0,9.6,IN,1603236412.0
zapolyarnyy,69.42,30.81,30.2,92.0,75.0,5.82,RU,1603236654.0
mandla,22.6,80.38,70.07,84.0,22.0,2.59,IN,1603236655.0
mungeli,22.07,81.68,71.94,80.0,32.0,4.18,IN,1603236655.0
muyezerskiy,63.93,31.65,26.55,98.0,84.0,5.5,RU,1603236655.0
santa fe,-31.63,-60.7,59.0,85.0,100.0,8.01,AR,1603236556.0
verkhnevilyuysk,63.45,120.32,16.9,97.0,56.0,3.94,RU,1603236656.0
manta,-0.95,-80.73,73.4,78.0,20.0,16.11,EC,1603236656.0
porto belo,-27.16,-48.55,73.4,94.0,20.0,3.36,BR,1603236656.0
erzin,36.96,36.2,72.0,75.0,3.0,5.01,TR,1603236656.0
belyy yar,53.6,91.39,33.8,80.0,72.0,2.24,RU,1603236657.0
nahavand,34.19,48.38,43.48,53.0,0.0,3.4,IR,1603236657.0
redlands,34.06,-117.18,89.6,25.0,5.0,8.05,US,1603236657.0
muisne,0.6,-80.03,75.07,83.0,84.0,8.79,EC,1603236658.0
kedainiai,55.29,23.97,44.6,81.0,100.0,11.41,LT,1603236658.0
unhel,23.33,75.57,74.43,68.0,7.0,5.21,IN,1603236658.0
bemidji,47.47,-94.88,30.2,92.0,90.0,11.41,US,1603236659.0
rogovatoye,51.23,38.38,34.99,88.0,0.0,8.59,RU,1603236659.0
bowen,-20.02,148.23,78.8,65.0,90.0,8.05,AU,1603236659.0
taltal,-25.4,-70.48,60.78,66.0,26.0,4.23,CL,1603236660.0
mabaruma,8.2,-59.78,77.63,86.0,5.0,4.23,GY,1603236660.0
quesnel,53.0,-122.5,44.6,56.0,40.0,5.82,CA,1603236661.0
belmonte,-15.86,-38.88,73.4,94.0,75.0,6.44,BR,1603236452.0
barranquilla,10.96,-74.8,84.2,74.0,40.0,3.36,CO,1603236478.0
sao francisco do sul,-26.24,-48.64,72.0,85.0,1.0,1.88,BR,1603236661.0
doha,25.29,51.53,80.6,54.0,0.0,4.7,QA,1603236367.0
sinegorskiy,48.01,40.84,39.18,74.0,41.0,6.53,RU,1603236662.0
pervomayskiy,53.25,40.29,34.54,89.0,15.0,9.24,RU,1603236662.0
whitehorse,60.72,-135.05,23.0,53.0,75.0,8.05,CA,1603236643.0
gurupi,-11.73,-49.07,85.64,38.0,97.0,4.05,BR,1603236663.0
patna,25.6,85.12,75.2,88.0,0.0,1.74,IN,1603236417.0
tazmalt,36.39,4.4,66.2,42.0,0.0,5.82,DZ,1603236663.0
simpang,-1.27,104.08,77.14,92.0,71.0,1.81,ID,1603236663.0
pitsunda,43.16,40.34,51.8,81.0,0.0,6.71,GE,1603236664.0
pemberton,50.32,-122.8,46.4,75.0,75.0,2.24,CA,1603236602.0
great falls,47.5,-111.3,32.0,86.0,90.0,4.7,US,1603236517.0
koslan,63.46,48.9,26.38,98.0,75.0,2.35,RU,1603236664.0
mandalgovi,45.76,106.27,21.45,82.0,83.0,10.2,MN,1603236665.0
changde,29.05,111.68,55.15,87.0,100.0,7.29,CN,1603236665.0
ulundi,-28.34,31.42,58.73,81.0,86.0,6.82,ZA,1603236665.0
plouzane,48.38,-4.62,59.0,93.0,90.0,9.17,FR,1603236665.0
sapa,5.15,120.32,83.44,74.0,100.0,7.83,PH,1603236666.0
warrington,53.39,-2.58,57.99,87.0,40.0,9.17,GB,1603236383.0
soderhamn,61.3,17.06,42.01,98.0,100.0,4.0,SE,1603236666.0
manbij,36.53,37.95,55.4,71.0,0.0,5.61,SY,1603236666.0
tianpeng,30.99,103.94,60.01,1.0,92.0,1.05,CN,1603236667.0
montenegro,42.5,19.3,50.0,71.0,0.0,2.24,ME,1603236667.0
tibiri,13.56,7.05,84.43,18.0,0.0,2.73,NE,1603236667.0
tunceli,39.11,39.55,51.8,87.0,28.0,4.7,TR,1603236668.0
miguel calmon,-11.43,-40.59,74.68,45.0,94.0,5.17,BR,1603236393.0
guangyuan,32.44,105.82,59.0,84.0,92.0,2.19,CN,1603236668.0
ixtapa,20.7,-105.2,88.0,74.0,40.0,9.17,MX,1603236446.0
veinticinco de mayo,-35.43,-60.17,55.99,61.0,35.0,3.0,AR,1603236668.0
pitea,65.32,21.48,24.8,100.0,8.0,4.7,SE,1603236669.0
gari,59.43,62.35,28.6,98.0,22.0,5.68,RU,1603236669.0
urucui,-7.23,-44.56,88.99,30.0,100.0,4.09,BR,1603236669.0
ende,-8.84,121.66,84.72,59.0,78.0,1.68,ID,1603236669.0
gold coast,-28.0,153.43,75.99,49.0,7.0,5.82,AU,1603236592.0
susanville,40.42,-120.65,79.0,13.0,1.0,3.36,US,1603236522.0
westport,41.14,-73.36,63.0,97.0,34.0,4.5,US,1603236541.0
malindi,-3.22,40.12,77.99,82.0,19.0,10.47,KE,1603236670.0
bac lieu,9.29,105.72,78.37,89.0,100.0,9.13,VN,1603236670.0
teya,60.38,92.63,29.07,97.0,100.0,3.76,RU,1603236671.0
bokoro,12.38,17.06,83.64,15.0,0.0,6.29,TD,1603236671.0
elizabeth city,36.29,-76.25,70.0,100.0,90.0,8.05,US,1603236671.0
kajaani,64.23,27.73,26.6,92.0,90.0,4.7,FI,1603236672.0
nyandoma,61.67,40.2,28.51,98.0,95.0,9.98,RU,1603236672.0
ferreira do alentejo,38.05,-8.03,59.0,93.0,40.0,14.99,PT,1603236672.0
carballo,43.21,-8.69,57.2,93.0,20.0,8.05,ES,1603236672.0
dali,25.7,100.18,55.98,90.0,99.0,3.51,CN,1603236673.0
baoying,33.23,119.31,63.07,77.0,100.0,5.08,CN,1603236673.0
dubbo,-32.25,148.62,68.0,64.0,90.0,9.17,AU,1603236378.0
qeshm,26.96,56.27,64.4,72.0,0.0,4.7,IR,1603236674.0
dawson,31.77,-84.45,80.6,73.0,1.0,6.93,US,1603236674.0
seoni malwa,22.45,77.47,74.08,81.0,15.0,3.29,IN,1603236674.0
meridian,43.61,-116.39,61.0,44.0,90.0,6.93,US,1603236637.0
stromness,58.97,-3.3,50.0,87.0,100.0,21.92,GB,1603236557.0
gavle,60.67,17.14,42.01,98.0,100.0,4.0,SE,1603236556.0
moreira sales,-24.06,-53.01,75.15,62.0,32.0,6.6,BR,1603236675.0
banfora,10.63,-4.77,77.7,68.0,96.0,3.13,BF,1603236675.0
kamina,-8.74,24.99,64.69,96.0,81.0,3.71,CD,1603236675.0
piterka,50.68,47.45,39.15,71.0,30.0,10.47,RU,1603236676.0
bodden town,19.28,-81.25,82.4,83.0,20.0,8.05,KY,1603236676.0
sakakah,29.97,40.21,68.0,16.0,0.0,4.7,SA,1603236676.0
atkarsk,51.87,45.01,35.47,84.0,23.0,10.42,RU,1603236676.0
chekalin,54.1,36.24,32.0,98.0,6.0,8.95,RU,1603236676.0
namatanai,-3.67,152.43,84.34,69.0,46.0,1.41,PG,1603236090.0
maripi,5.55,-74.01,66.9,84.0,91.0,3.18,CO,1603236677.0
luoyang,34.68,112.45,61.0,99.0,34.0,6.24,CN,1603236677.0
san clemente,33.43,-117.61,75.0,75.0,7.0,1.99,US,1603236403.0
teknaf,20.86,92.31,77.59,88.0,99.0,7.94,BD,1603236678.0
butembo,0.15,29.28,56.95,97.0,90.0,2.42,CD,1603236678.0
campo do brito,-10.73,-37.49,80.6,65.0,20.0,11.41,BR,1603236678.0
tongren,27.72,109.19,54.64,83.0,90.0,1.52,CN,1603236606.0
ekibastuz,51.67,75.37,47.08,48.0,1.0,8.55,KZ,1603236679.0
vrises,35.49,23.89,68.0,100.0,90.0,5.82,GR,1603236679.0
jammalamadugu,14.83,78.4,74.93,89.0,100.0,3.22,IN,1603236679.0
shingu,33.73,135.98,66.2,63.0,20.0,4.7,JP,1603236680.0
peterhead,57.51,-1.8,51.01,100.0,75.0,1.12,GB,1603236680.0
kitgum,3.28,32.89,65.23,97.0,78.0,2.91,UG,1603236680.0
kozhva,65.11,57.05,24.08,98.0,86.0,3.29,RU,1603236680.0
puerto leguizamo,-0.19,-74.78,76.68,89.0,99.0,1.39,CO,1603236486.0
huangchuan,32.13,115.04,58.66,75.0,100.0,9.93,CN,1603236681.0
cabra,37.47,-4.44,61.0,82.0,100.0,4.0,ES,1603236681.0
paita,-5.09,-81.11,64.11,84.0,18.0,11.61,PE,1603236681.0
casambalangan,18.38,122.13,81.64,81.0,100.0,15.43,PH,1603236682.0
sinnamary,5.38,-52.95,80.64,79.0,100.0,13.91,GF,1603236682.0
tavricheskoye,54.59,73.64,41.0,75.0,96.0,4.47,RU,1603236682.0
batangafo,7.3,18.28,72.66,87.0,41.0,3.51,CF,1603236682.0
imeni poliny osipenko,52.42,136.49,36.79,78.0,99.0,11.01,RU,1603236682.0
tchaourou,8.89,2.6,73.87,87.0,99.0,3.8,BJ,1603236683.0
zhenjiang,32.21,119.43,61.0,89.0,100.0,6.24,CN,1603236683.0
banda,25.48,80.33,73.26,22.0,26.0,2.55,IN,1603236683.0
nizhnevartovsk,60.93,76.55,35.6,93.0,90.0,2.24,RU,1603236479.0
varhaug,58.61,5.65,51.01,99.0,95.0,3.0,NO,1603236449.0
turinsk,58.05,63.7,31.84,98.0,41.0,5.66,RU,1603236684.0
wyndham,37.7,-77.61,69.01,88.0,1.0,2.42,US,1603236684.0
mamallapuram,12.63,80.17,78.8,100.0,40.0,4.7,IN,1603236414.0
taian,36.19,117.12,62.01,57.0,32.0,5.68,CN,1603236684.0
luancheng,37.88,114.65,55.4,19.0,0.0,11.18,CN,1603236685.0
xuddur,4.12,43.89,72.3,86.0,38.0,12.68,SO,1603236685.0
lofthus,59.95,10.8,44.01,99.0,100.0,1.01,NO,1603236685.0
fukue,32.69,128.84,68.0,68.0,75.0,5.82,JP,1603236685.0
asau,46.43,26.4,37.4,93.0,0.0,4.7,RO,1603236441.0
koumac,-20.57,164.28,78.84,55.0,0.0,2.1,NC,1603236442.0
humaita,-7.51,-63.02,83.88,63.0,92.0,0.34,BR,1603236686.0
baijiantan,45.63,85.18,43.75,51.0,0.0,5.06,CN,1603236425.0
glencoe,-28.18,30.15,55.0,83.0,99.0,4.25,ZA,1603236686.0
mairwa,26.23,84.15,75.09,73.0,52.0,3.38,IN,1603236687.0
buzmeyin,38.05,58.21,60.8,26.0,0.0,6.93,TM,1603236687.0
petauke,-14.24,31.33,71.96,38.0,0.0,5.7,ZM,1603236687.0
nizwa,22.93,57.53,68.36,19.0,0.0,5.68,OM,1603236687.0
troitsko-pechorsk,62.71,56.2,27.99,98.0,88.0,3.8,RU,1603236688.0
barcelona,41.39,2.16,70.0,94.0,75.0,5.82,ES,1603236688.0
dulce grande,23.0,-102.17,77.0,17.0,40.0,11.41,MX,1603236688.0
nortelandia,-14.45,-56.8,74.17,85.0,97.0,5.53,BR,1603236688.0
porto murtinho,-21.7,-57.88,77.88,72.0,82.0,2.8,BR,1603236689.0
bressuire,46.92,-0.5,59.0,91.0,100.0,21.56,FR,1603236689.0
san jose de guanipa,8.89,-64.17,82.18,62.0,92.0,7.52,VE,1603236689.0
puri,19.8,85.85,78.8,100.0,75.0,4.7,IN,1603236689.0
linfen,36.09,111.52,54.93,31.0,8.0,5.61,CN,1603236690.0
laela,-8.57,32.05,69.85,52.0,99.0,3.42,TZ,1603236690.0
montrose,38.42,-108.27,73.4,16.0,1.0,10.29,US,1603236690.0
coos bay,43.37,-124.22,70.0,67.0,1.0,13.87,US,1603236690.0
vangaindrano,-23.35,47.6,69.28,91.0,36.0,5.64,MG,1603236690.0
fort abbas,29.19,72.85,76.01,17.0,0.0,9.51,PK,1603236691.0
kargopol,61.51,38.95,31.28,96.0,76.0,9.1,RU,1603236691.0
kologriv,58.83,44.32,29.08,94.0,95.0,11.39,RU,1603236691.0
valdivia,-39.81,-73.25,59.0,51.0,0.0,6.93,CL,1603236692.0
langfang,39.51,116.69,54.0,32.0,0.0,5.01,CN,1603236692.0
atbasar,51.8,68.33,46.9,48.0,67.0,8.16,KZ,1603236692.0
malazgirt,39.14,42.54,46.13,76.0,73.0,0.67,TR,1603236693.0
artyom,40.47,50.33,59.0,77.0,75.0,13.87,AZ,1603236444.0
hobyo,5.35,48.53,79.88,82.0,0.0,18.37,SO,1603236097.0
xacmaz,41.46,48.81,57.09,70.0,98.0,5.97,AZ,1603236693.0
thoen,17.61,99.22,70.7,89.0,96.0,2.37,TH,1603236694.0
birsk,55.42,55.54,34.83,94.0,72.0,8.25,RU,1603236694.0
aykhal,66.0,111.5,-0.4,91.0,90.0,4.47,RU,1603236464.0
dong xoai,11.53,106.92,75.47,93.0,98.0,2.98,VN,1603236695.0
merauke,-8.47,140.33,84.47,67.0,58.0,7.36,ID,1603236695.0
oktyabrskiy,54.48,53.47,35.76,85.0,83.0,5.01,RU,1603236695.0
santa rosa,14.31,121.11,78.8,94.0,90.0,5.82,PH,1603236543.0
puerto suarez,-18.95,-57.8,78.8,83.0,90.0,4.79,BO,1603236695.0
presidencia roque saenz pena,-26.79,-60.44,81.81,61.0,45.0,6.22,AR,1603236106.0
harrisburg,40.27,-76.88,69.8,64.0,1.0,6.93,US,1603236487.0
polur,12.5,79.13,75.47,87.0,100.0,3.36,IN,1603236696.0
mushie,-3.02,16.9,72.57,97.0,100.0,3.38,CD,1603236696.0
sarangani,5.4,125.46,83.32,73.0,84.0,7.29,PH,1603236400.0
touros,-5.2,-35.46,77.0,83.0,20.0,3.36,BR,1603236086.0
warkworth,-36.4,174.67,72.0,59.0,100.0,1.01,NZ,1603236697.0
garden city,42.33,-83.33,53.01,66.0,90.0,4.7,US,1603236416.0
motril,36.75,-3.52,70.0,64.0,96.0,1.01,ES,1603236697.0
palembang,-2.92,104.75,79.65,85.0,87.0,1.99,ID,1603236697.0
lebyazhye,55.27,66.49,43.75,83.0,100.0,11.21,RU,1603236500.0
olga,43.74,135.29,52.56,68.0,67.0,2.62,RU,1603236698.0
talcahuano,-36.72,-73.12,55.4,71.0,7.0,17.22,CL,1603236377.0
sabang,5.89,95.32,82.72,74.0,66.0,14.27,ID,1603236698.0
huangmei,30.19,116.03,58.28,88.0,100.0,4.03,CN,1603236699.0
hsinchu,24.8,120.97,80.01,78.0,100.0,8.99,TW,1603236696.0
urubicha,-15.38,-62.95,72.64,93.0,77.0,3.89,BO,1603236699.0
lakatoro,-16.1,167.42,82.4,78.0,75.0,11.41,VU,1603236400.0
la mana,-0.93,-79.22,55.4,71.0,40.0,8.05,EC,1603236699.0
obo,5.4,26.49,69.37,96.0,97.0,2.44,CF,1603236700.0
libertador general san martin,-23.81,-64.79,81.0,50.0,40.0,4.05,AR,1603236700.0
otane,-39.88,176.63,63.0,72.0,100.0,3.78,NZ,1603236700.0
shimoda,34.67,138.95,62.6,72.0,20.0,25.28,JP,1603236701.0
quthing,-30.4,27.7,54.14,65.0,46.0,5.5,LS,1603236701.0
anadyr,64.75,177.48,42.8,75.0,31.0,15.66,RU,1603236701.0
choix,26.71,-108.32,91.69,32.0,0.0,4.12,MX,1603236702.0
shizunai,42.33,142.37,54.64,54.0,0.0,4.72,JP,1603236702.0
iguape,-24.71,-47.56,71.42,93.0,2.0,6.91,BR,1603236341.0
biloela,-24.42,150.5,78.78,54.0,56.0,10.0,AU,1603236702.0
barabinsk,55.36,78.36,44.08,80.0,78.0,12.1,RU,1603236703.0
batagay-alyta,67.8,130.41,10.71,88.0,91.0,0.83,RU,1603236703.0
prattville,32.46,-86.46,78.8,78.0,90.0,5.99,US,1603236703.0
pandamatenga,-18.53,25.63,72.18,21.0,0.0,4.47,BW,1603236703.0
terrace,54.52,-128.6,41.0,93.0,90.0,4.7,CA,1603236704.0
mugan,35.94,101.38,33.78,66.0,0.0,2.91,CN,1603236704.0
soyo,-6.13,12.37,76.77,83.0,89.0,6.91,AO,1603236419.0
xinzhi,36.5,111.7,51.84,35.0,17.0,10.85,CN,1603236704.0
buin,-33.73,-70.75,78.8,35.0,0.0,18.34,CL,1603236704.0
gidam,18.98,81.4,69.31,92.0,88.0,2.66,IN,1603236705.0
pasni,25.26,63.47,77.02,26.0,0.0,14.72,PK,1603236705.0
puerto ayacucho,5.66,-67.62,79.68,80.0,88.0,3.76,VE,1603236705.0
kapit,2.02,112.93,74.16,92.0,100.0,1.74,MY,1603236114.0
pimenta bueno,-11.67,-61.19,84.69,47.0,24.0,3.13,BR,1603236450.0
caidquid,11.42,122.55,81.63,77.0,93.0,4.74,PH,1603236706.0
polis,35.04,32.43,68.0,64.0,20.0,6.93,CY,1603236706.0
funadhoo,6.15,73.27,81.5,81.0,86.0,13.33,MV,1603236706.0
ponta delgada,37.73,-25.67,60.8,67.0,40.0,11.41,PT,1603236707.0
gogrial,8.53,28.1,72.95,82.0,4.0,4.65,SS,1603236707.0
staryy nadym,65.61,72.68,26.29,98.0,100.0,7.34,RU,1603236707.0
penzance,50.12,-5.54,57.2,93.0,100.0,10.29,GB,1603236707.0
iisalmi,63.56,27.19,30.2,86.0,90.0,1.12,FI,1603236422.0
isiro,2.77,27.62,63.88,96.0,100.0,1.32,CD,1603236708.0
kichera,55.94,110.1,22.3,83.0,71.0,1.07,RU,1603236708.0
fort wellington,6.4,-57.6,81.07,84.0,100.0,11.56,GY,1603236708.0
kutum,14.2,24.67,73.31,19.0,0.0,8.23,SD,1603236708.0
karatau,43.17,70.47,52.77,39.0,0.0,9.93,KZ,1603236708.0
zalegoshch,52.9,36.89,33.33,93.0,3.0,8.46,RU,1603236709.0
soltsy,58.12,30.32,32.85,94.0,90.0,3.89,RU,1603236709.0
port shepstone,-30.74,30.45,65.73,74.0,100.0,10.63,ZA,1603236437.0
mbandaka,0.05,18.26,71.19,92.0,72.0,1.1,CD,1603236710.0
pran buri,12.38,99.91,77.0,83.0,20.0,5.82,TH,1603236710.0
lubango,-14.92,13.49,63.64,58.0,0.0,2.39,AO,1603236137.0
sola,-13.88,167.55,79.61,78.0,100.0,12.91,VU,1603236710.0
galle,6.04,80.22,79.12,85.0,11.0,12.08,LK,1603236711.0
chanika,-5.42,38.02,66.15,95.0,72.0,3.09,TZ,1603236711.0
kibaha,-6.77,38.92,70.14,93.0,2.0,1.9,TZ,1603236711.0
santa vitoria do palmar,-33.52,-53.37,57.29,77.0,100.0,14.76,BR,1603236689.0
ucluelet,48.93,-125.55,55.0,76.0,40.0,11.41,CA,1603236617.0
kearney,40.7,-99.08,60.8,44.0,1.0,8.05,US,1603236712.0
quelimane,-17.88,36.89,78.8,83.0,0.0,11.41,MZ,1603236712.0
mosquera,4.71,-74.23,62.6,67.0,75.0,9.17,CO,1603236712.0
harrisonburg,38.45,-78.87,68.0,72.0,1.0,3.36,US,1603236603.0
igarka,67.47,86.58,11.3,94.0,100.0,6.42,RU,1603236441.0
creston,41.06,-94.36,42.8,100.0,90.0,6.93,US,1603236713.0
belaya gora,68.53,146.42,7.48,92.0,38.0,2.44,RU,1603236499.0
correntina,-13.34,-44.64,74.84,74.0,82.0,5.61,BR,1603236713.0
biltine,14.53,20.92,82.06,15.0,0.0,9.37,TD,1603236714.0
gorom-gorom,14.44,-0.24,90.68,23.0,10.0,4.97,BF,1603236714.0
thinadhoo,0.53,72.93,82.76,77.0,97.0,13.78,MV,1603236714.0
tabas,33.6,56.92,59.0,13.0,0.0,4.7,IR,1603236714.0
churapcha,62.0,132.43,14.95,96.0,100.0,4.56,RU,1603236409.0
sargur,11.98,76.42,67.96,94.0,100.0,4.16,IN,1603236715.0
nizhnyaya omka,55.43,74.94,45.27,76.0,100.0,10.94,RU,1603236715.0
masallatah,32.62,14.0,64.85,70.0,30.0,6.98,LY,1603236715.0
madang,-5.22,145.8,79.14,80.0,99.0,3.38,PG,1603236434.0
novoilinsk,51.68,108.71,22.96,88.0,72.0,5.08,RU,1603236716.0
valky,49.84,35.62,37.4,86.0,0.0,4.47,UA,1603236716.0
pimentel,-6.84,-79.93,66.2,72.0,8.0,23.04,PE,1603236716.0
caraballeda,10.61,-66.85,81.03,75.0,84.0,6.53,VE,1603236384.0
bajil,15.06,43.29,85.39,54.0,0.0,1.52,YE,1603236717.0
nuevo progreso,23.17,-97.95,82.0,58.0,19.0,7.0,MX,1603236717.0
loa janan,-0.58,117.09,75.51,86.0,100.0,1.43,ID,1603236426.0
miracema do tocantins,-9.56,-48.4,85.14,32.0,87.0,2.57,BR,1603236717.0
malanje,-9.54,16.34,66.29,94.0,25.0,7.11,AO,1603236717.0
zhangye,38.93,100.45,44.29,49.0,0.0,5.68,CN,1603236718.0
barcelos,41.54,-8.62,59.0,100.0,90.0,17.22,PT,1603236587.0
kananga,-5.9,22.42,69.21,98.0,100.0,2.86,CD,1603236718.0
zakopane,49.3,19.95,42.8,70.0,87.0,11.41,PL,1603236718.0
berbera,10.44,45.01,83.79,51.0,0.0,5.3,SO,1603236501.0
xiamen,24.48,118.08,75.2,60.0,75.0,4.47,CN,1603236719.0
itaqui,-29.13,-56.55,71.8,77.0,2.0,20.31,BR,1603236719.0
sistranda,63.73,8.83,35.6,80.0,100.0,9.17,NO,1603236720.0
clinton,42.59,-82.92,50.0,93.0,90.0,6.93,US,1603236720.0
kodinsk,58.69,99.18,28.02,98.0,92.0,3.06,RU,1603236720.0
el prat de llobregat,41.33,2.09,70.0,94.0,75.0,5.82,ES,1603236720.0
tando jam,25.43,68.54,81.05,20.0,6.0,6.24,PK,1603236721.0
margherita di savoia,41.37,16.15,50.0,87.0,40.0,1.12,IT,1603236721.0
mali zvornik,44.37,19.11,35.6,93.0,37.0,1.12,RS,1603236721.0
tomatlan,19.93,-105.25,81.12,81.0,85.0,5.14,MX,1603236721.0
saint-augustin,51.23,-58.65,45.88,97.0,100.0,8.93,CA,1603236722.0
grong,64.47,12.31,30.47,93.0,100.0,7.09,NO,1603236722.0
playa vicente,17.83,-95.82,75.81,89.0,84.0,4.85,MX,1603236722.0
manzanillo,20.34,-77.12,78.22,81.0,91.0,5.28,CU,1603236722.0
pinega,64.7,43.39,24.69,98.0,54.0,5.01,RU,1603236723.0
cozumel,20.51,-86.95,82.4,83.0,40.0,4.38,MX,1603236706.0
dagda,56.1,27.54,38.25,84.0,99.0,5.95,LV,1603236723.0
monywa,22.12,95.13,75.18,87.0,100.0,2.73,MM,1603236723.0
general roca,-39.03,-67.58,73.4,25.0,40.0,23.04,AR,1603236437.0
gejiu,23.31,103.16,44.78,100.0,100.0,6.35,CN,1603236724.0
ghansor,22.65,79.95,69.73,79.0,7.0,2.84,IN,1603236724.0
blythe,33.61,-114.6,96.8,9.0,1.0,3.27,US,1603236645.0
nivala,63.92,24.97,28.99,91.0,87.0,1.99,FI,1603236724.0
mastung,29.8,66.84,42.22,49.0,0.0,1.34,PK,1603236724.0
chute-aux-outardes,49.12,-68.4,37.4,86.0,1.0,5.82,CA,1603236725.0
kibala,9.11,18.35,78.8,88.0,11.0,1.12,TD,1603236725.0
rochester,43.15,-77.62,50.0,81.0,90.0,6.93,US,1603236526.0
kragujevac,44.02,20.92,33.8,100.0,0.0,4.5,RS,1603236725.0
mier,26.43,-99.15,89.01,57.0,12.0,1.01,MX,1603236658.0
aksum,14.12,38.72,55.22,66.0,0.0,3.83,ET,1603236726.0
nchelenge,-9.35,28.73,75.33,73.0,100.0,10.69,ZM,1603236726.0
banda aceh,5.56,95.32,80.28,73.0,77.0,9.37,ID,1603236493.0
kalianget,-7.05,113.93,83.93,70.0,26.0,8.79,ID,1603236726.0
vadgaon,20.94,74.87,79.39,79.0,8.0,2.71,IN,1603236727.0
kosh-agach,50.0,88.67,24.33,86.0,3.0,1.99,RU,1603236727.0
srandakan,-7.94,110.25,80.11,79.0,95.0,2.01,ID,1603236727.0
padang,-0.95,100.35,80.17,71.0,79.0,3.74,ID,1603236727.0
arroio do meio,-29.4,-51.95,71.01,77.0,36.0,6.4,BR,1603236727.0
krasnoarmeysk,51.02,45.7,39.99,66.0,39.0,7.0,RU,1603236457.0
tartagal,-22.52,-63.8,74.97,63.0,31.0,2.3,AR,1603236728.0
dimbokro,6.65,-4.7,72.32,97.0,82.0,3.33,CI,1603236728.0
vrnograc,45.16,15.95,41.0,93.0,20.0,4.29,BA,1603236728.0
abu zabad,12.35,29.25,81.5,28.0,0.0,4.34,SD,1603236729.0
lukulu,-14.37,23.24,68.05,25.0,0.0,3.2,ZM,1603236729.0
sao miguel do araguaia,-13.28,-50.16,83.16,49.0,92.0,7.45,BR,1603236729.0
annau,37.89,58.52,60.8,26.0,0.0,6.93,TM,1603236729.0
saint-prosper,46.21,-70.48,42.01,100.0,100.0,3.0,CA,1603236729.0
veraval,20.9,70.37,81.68,81.0,16.0,9.08,IN,1603236729.0
hamilton,39.18,-84.53,55.0,93.0,90.0,4.7,US,1603236730.0
varkkallai,8.73,76.71,80.6,83.0,75.0,2.24,IN,1603236495.0
berlevag,70.86,29.09,36.93,80.0,87.0,3.69,NO,1603236730.0
mkushi,-13.62,29.39,67.35,34.0,0.0,3.67,ZM,1603236730.0
rayong,12.83,101.43,78.01,89.0,88.0,7.83,TH,1603236731.0
thai binh,20.45,106.33,69.8,64.0,89.0,4.7,VN,1603236731.0
paamiut,61.99,-49.67,36.66,80.0,99.0,3.56,GL,1603236731.0
joao neiva,-19.76,-40.39,69.8,94.0,90.0,6.93,BR,1603236732.0
fort nelson,58.81,-122.7,24.8,53.0,75.0,5.82,CA,1603236732.0
delmas,18.54,-72.3,84.2,70.0,99.0,4.7,HT,1603236732.0
ornskoldsvik,63.29,18.72,33.8,100.0,100.0,14.99,SE,1603236732.0
kilindoni,-7.91,39.67,78.4,78.0,0.0,10.65,TZ,1603236426.0
cockburn town,21.46,-71.14,82.4,69.0,40.0,6.93,TC,1603236582.0
ampanihy,-24.7,44.75,68.54,43.0,0.0,4.61,MG,1603236733.0
alugan,12.22,125.48,82.36,79.0,100.0,10.29,PH,1603236733.0
ambanja,-13.68,48.45,74.84,79.0,31.0,2.82,MG,1603236733.0
saint anthony,45.02,-93.22,32.0,99.0,90.0,6.93,US,1603236734.0
shelburne,44.08,-80.2,46.0,81.0,90.0,3.36,CA,1603236445.0
aloleng,16.13,119.78,79.81,86.0,100.0,27.54,PH,1603236734.0
poso,-1.4,120.75,82.81,65.0,98.0,3.13,ID,1603236734.0
chuguyevka,44.17,133.86,50.88,54.0,99.0,5.01,RU,1603236734.0
esmeraldas,-19.76,-44.31,62.6,100.0,90.0,3.36,BR,1603236735.0
iznoski,54.99,35.31,29.98,98.0,21.0,4.97,RU,1603236735.0
uporovo,56.31,66.27,36.68,88.0,76.0,6.93,RU,1603236735.0
maltahohe,-24.83,16.98,59.25,33.0,0.0,12.77,NA,1603236735.0
iralaya,15.0,-83.23,79.92,84.0,100.0,5.3,HN,1603236735.0
moron,-34.65,-58.62,57.99,54.0,90.0,5.99,AR,1603236491.0
quang ngai,15.12,108.8,76.39,89.0,95.0,10.78,VN,1603236499.0
mariestad,58.71,13.82,48.2,87.0,100.0,5.82,SE,1603236736.0
teguise,29.06,-13.56,73.4,73.0,40.0,4.7,ES,1603236736.0
moroni,-11.7,43.26,77.11,71.0,0.0,1.88,KM,1603236736.0
chernyshevskiy,63.01,112.47,13.3,98.0,82.0,3.8,RU,1603236736.0
san ramon,37.78,-121.98,90.0,13.0,1.0,5.82,US,1603236530.0
tanete,-3.94,119.78,82.04,68.0,86.0,7.85,ID,1603236737.0
nakhon phanom,17.33,104.42,68.34,83.0,99.0,4.9,TH,1603236737.0
labuhan,-6.88,112.21,82.96,73.0,12.0,7.2,ID,1603236737.0
boa vista,2.82,-60.67,87.8,48.0,75.0,5.82,BR,1603236737.0
besuki,-7.73,113.7,85.05,57.0,18.0,2.57,ID,1603236738.0
amantea,39.13,16.07,51.8,93.0,0.0,5.82,IT,1603236738.0
berberati,4.26,15.79,68.16,96.0,77.0,0.78,CF,1603236738.0
orsha,54.52,30.41,36.97,85.0,99.0,6.11,BY,1603236739.0
camana,-16.62,-72.71,61.97,75.0,19.0,4.05,PE,1603236739.0
sunrise manor,36.21,-115.07,89.6,8.0,1.0,1.45,US,1603236739.0
novo aripuana,-5.12,-60.38,84.63,57.0,53.0,1.7,BR,1603236498.0
chiplun,17.53,73.52,74.55,90.0,52.0,1.19,IN,1603236740.0
laguna de perlas,12.34,-83.67,86.0,79.0,40.0,4.7,NI,1603236740.0
minna,9.61,6.56,80.6,94.0,4.0,1.12,NG,1603236740.0
foundiougne,14.13,-16.47,86.0,74.0,98.0,6.93,SN,1603236740.0
mount isa,-20.73,139.5,91.4,16.0,1.0,9.17,AU,1603236525.0
solnechnyy,50.72,136.63,41.56,66.0,86.0,9.33,RU,1603236742.0
haradok,55.46,29.98,36.84,86.0,99.0,6.04,BY,1603236742.0
victoria point,-27.58,153.3,77.0,56.0,30.0,4.0,AU,1603236742.0
kizhinga,51.85,109.91,22.51,88.0,55.0,7.52,RU,1603236742.0
ihosy,-22.4,46.12,61.9,83.0,31.0,6.91,MG,1603236742.0
kuito,-12.38,16.93,65.82,66.0,0.0,7.81,AO,1603236474.0
hit,33.64,42.83,73.47,34.0,0.0,9.1,IQ,1603236743.0
catamarca,-28.47,-65.79,64.0,99.0,96.0,1.52,AR,1603236643.0
noumea,-22.28,166.46,82.99,61.0,20.0,10.29,NC,1603236743.0
pui,45.52,23.1,40.96,68.0,0.0,5.77,RO,1603236743.0
byron bay,-28.65,153.62,75.0,53.0,4.0,5.82,AU,1603236628.0
bankura,23.25,87.07,74.77,67.0,57.0,5.82,IN,1603236744.0
pilibhit,28.63,79.8,67.62,69.0,0.0,3.94,IN,1603236744.0
tsabong,-26.02,22.4,66.0,26.0,0.0,9.69,BW,1603236744.0
kobryn,52.21,24.36,45.91,75.0,100.0,11.34,BY,1603236744.0
puerto carreno,6.19,-67.49,81.79,76.0,73.0,5.1,CO,1603236607.0
mitsamiouli,-11.38,43.28,78.58,72.0,0.0,2.26,KM,1603236745.0
arahal,37.19,-5.55,64.99,88.0,20.0,14.99,ES,1603236745.0
eyl,7.98,49.82,79.59,79.0,0.0,6.55,SO,1603236398.0
rocky mountain house,52.37,-114.92,30.54,97.0,63.0,7.02,CA,1603236745.0
mbanza-ngungu,-5.25,14.87,69.87,91.0,100.0,5.26,CD,1603236746.0
rostock,54.09,12.14,53.01,93.0,75.0,5.82,DE,1603236746.0
bintulu,3.17,113.03,77.0,88.0,40.0,8.05,MY,1603236371.0
itarema,-2.92,-39.92,79.25,74.0,19.0,16.78,BR,1603236394.0
general pico,-35.66,-63.76,56.88,47.0,30.0,9.78,AR,1603236747.0
choma,-16.81,26.95,68.09,26.0,0.0,4.21,ZM,1603236747.0
emerald,-23.53,148.17,79.0,61.0,75.0,16.11,AU,1603236747.0
benjamin aceval,-24.97,-57.57,86.0,55.0,75.0,4.7,PY,1603236747.0
yenagoa,4.92,6.26,76.28,94.0,87.0,4.9,NG,1603236748.0
maldonado,-34.67,-54.92,53.6,50.0,98.0,14.99,UY,1603236709.0
la rioja,42.25,-2.5,60.8,87.0,75.0,26.4,ES,1603236385.0
kautokeino,69.01,23.04,27.75,97.0,100.0,1.63,NO,1603236748.0
colac,-38.33,143.58,57.0,85.0,60.0,4.0,AU,1603236748.0
ranong,9.97,98.63,75.2,94.0,75.0,2.17,TH,1603236749.0
ouadda,8.08,22.4,68.58,89.0,67.0,2.42,CF,1603236749.0
ler,8.3,30.14,72.84,90.0,16.0,4.12,SS,1603236749.0
kangaatsiaq,68.31,-53.46,34.29,90.0,100.0,22.91,GL,1603236749.0
krasnoselkup,65.7,82.47,25.14,98.0,100.0,9.89,RU,1603236750.0
krasnovishersk,60.41,57.08,31.59,98.0,92.0,4.65,RU,1603236750.0
otradnoye,59.78,30.82,33.01,92.0,75.0,2.01,RU,1603236750.0
sisimiut,66.94,-53.67,33.12,91.0,100.0,25.05,GL,1603236750.0
severnyy-kospashskiy,59.09,57.8,34.0,100.0,92.0,5.7,RU,1603236751.0
west richland,46.3,-119.36,64.99,36.0,1.0,5.48,US,1603236751.0
bindura,-17.3,31.33,69.01,35.0,0.0,3.04,ZW,1603236751.0
eloi mendes,-21.61,-45.57,63.79,94.0,91.0,3.24,BR,1603236752.0
labrea,-7.26,-64.8,76.87,84.0,46.0,3.29,BR,1603236752.0
baicheng,45.62,122.82,48.07,49.0,68.0,23.09,CN,1603236752.0
ulaanbaatar,47.91,106.88,8.6,78.0,38.0,1.34,MN,1603236616.0
olinda,-8.01,-34.86,80.6,69.0,40.0,11.41,BR,1603236752.0
basoko,1.24,23.62,70.32,92.0,97.0,1.9,CD,1603236753.0
ilinskiy,55.62,38.12,36.0,74.0,75.0,11.18,RU,1603236374.0
santa lucia,27.91,-15.54,75.2,73.0,75.0,9.17,ES,1603236753.0
changji,44.02,87.32,42.8,45.0,0.0,4.47,CN,1603236753.0
sananduva,-27.95,-51.81,69.15,67.0,14.0,9.71,BR,1603236753.0
redcliffe,-27.23,153.1,78.01,49.0,75.0,13.87,AU,1603236754.0
banjar,-8.19,114.97,77.0,100.0,75.0,3.36,ID,1603236394.0
carmen del parana,-27.23,-56.22,87.8,52.0,4.0,2.24,PY,1603236754.0
vestmanna,62.16,-7.17,39.2,75.0,11.0,5.82,FO,1603236754.0
mathbaria,22.29,89.96,77.74,89.0,99.0,10.04,BD,1603236755.0
oistins,13.07,-59.53,82.4,74.0,20.0,9.17,BB,1603236459.0
isaka,-3.9,32.93,70.7,74.0,72.0,2.13,TZ,1603236755.0
sakaiminato,35.55,133.23,55.4,82.0,75.0,6.49,JP,1603236494.0
balky,47.38,34.94,39.2,86.0,42.0,2.24,UA,1603236755.0
ternate,0.8,127.4,83.17,68.0,32.0,5.46,ID,1603236755.0
altea,38.6,-0.05,66.0,86.0,96.0,1.99,ES,1603236549.0
beitbridge,-22.22,30.0,70.38,73.0,0.0,30.04,ZW,1603236756.0
high level,58.52,-117.14,24.8,73.0,90.0,8.05,CA,1603236756.0
ziro,27.63,93.83,48.42,100.0,2.0,2.26,IN,1603236756.0
otjimbingwe,-22.35,16.13,63.18,31.0,0.0,1.95,NA,1603236757.0
uchiza,-8.46,-76.46,71.74,80.0,68.0,3.47,PE,1603236757.0
mehamn,71.04,27.85,35.46,83.0,71.0,4.32,NO,1603236471.0
atambua,-9.11,124.89,80.33,65.0,88.0,2.15,ID,1603236476.0
chingirlau,51.09,54.08,36.97,76.0,0.0,8.32,KZ,1603236758.0
venado tuerto,-33.75,-61.97,57.0,78.0,100.0,8.01,AR,1603236758.0
tripoli,32.88,13.19,69.6,59.0,4.0,8.39,LY,1603236466.0
etaples,50.52,1.63,59.0,87.0,75.0,8.05,FR,1603236758.0
poum,-20.23,164.02,75.34,65.0,0.0,3.31,NC,1603236758.0
ahmadpur sial,30.68,71.75,73.4,64.0,0.0,5.03,PK,1603236758.0
komsomolskiy,40.43,71.72,55.4,50.0,0.0,6.93,UZ,1603236759.0
mezen,65.85,44.24,33.17,95.0,94.0,8.9,RU,1603236759.0
bundaberg,-24.85,152.35,78.01,60.0,75.0,11.41,AU,1603236695.0
slonim,53.09,25.32,44.19,80.0,99.0,11.59,BY,1603236759.0
sambava,-14.27,50.17,75.04,82.0,100.0,14.34,MG,1603236502.0
japura,-0.32,102.35,75.88,96.0,95.0,0.85,ID,1603236760.0
kendari,-3.94,122.5,83.44,63.0,84.0,1.72,ID,1603236760.0
coahuayana,18.73,-103.68,82.4,78.0,75.0,11.41,MX,1603236494.0
okhotsk,59.38,143.3,26.33,79.0,95.0,8.99,RU,1603236760.0
turan,16.07,108.22,78.8,78.0,75.0,13.87,VN,1603236691.0
cortes,41.94,-1.44,64.4,77.0,100.0,29.97,ES,1603236761.0
kingaroy,-26.53,151.83,69.01,68.0,90.0,5.82,AU,1603236761.0
marsabit,2.33,37.99,67.12,84.0,57.0,21.52,KE,1603236761.0
bow island,49.87,-111.37,39.2,41.0,20.0,8.05,CA,1603236602.0
aswan,24.09,32.91,75.74,28.0,0.0,1.81,EG,1603236761.0
stuttgart,48.78,9.18,50.0,93.0,100.0,2.24,DE,1603236695.0
bosaso,11.28,49.18,84.83,32.0,13.0,8.39,SO,1603236762.0
verkhoyansk,67.54,133.38,7.83,89.0,93.0,3.58,RU,1603236444.0
lexington,37.99,-84.48,70.0,77.0,75.0,8.05,US,1603236602.0
